p_value,coef
0.6400975649334497,0.18212203809692648
0.06086454309724357,-0.7983042318378042
0.22900308270000092,-0.5078984067840414
0.2882165522425745,-0.45152026566050807
0.9291518396923611,-0.035518085838874475
0.8965010585937049,-0.048237242896494024
0.48003125049600515,-0.29868383283979283
0.6642065409148117,-0.15888107412699304
0.9729825099598731,0.01369003734537428
0.27766474767235405,-0.41977964951460256
0.10217202044519941,-0.7356550705603697
0.8419561650485302,-0.08266539453347843
0.9227744319682243,-0.04020330198318845
0.35344881542543827,-0.3747653084489724
0.3910125700165583,-0.35771898074601066
0.18859135298881902,-0.5556577072707968
0.8237187071927482,0.08724090674549867
0.5201410394473018,-0.31845068314426794
0.8597447567627258,-0.07287096951276453
0.7327735584594612,-0.1313920140678166
0.20417840871704795,-0.4862630138415812
0.5132913182224239,-0.3043393180758047
0.3703650776182962,-0.4379318646717297
0.32015711737418906,-0.401842918190062
0.36233037971998605,-0.3174979577362523
0.6581876556390522,-0.16443957989741242
0.18516643720748727,-0.5582917373074601
0.9180606280942726,0.04282119627486019
0.18231349702928812,-0.5984477230554329
0.5490966926067329,0.23090527896870883
0.4225639069725715,-0.3198809894790932
0.05904509079121392,-0.7764616762666787
0.7409284951740747,-0.1410863638614063
0.35647452041991223,-0.3518695602253518
0.426793106545011,-0.2802988783261797
0.21232681654443752,-0.5498148928347667
0.5801657635599897,-0.20836274128360513
0.9771869430085688,-0.013144171469798772
0.5587135527399378,-0.2058854915688466
0.9787806035080608,-0.011490008027318808
0.07478307673237013,-0.6843698264796202
0.8900106205656327,-0.057674111380587645
0.7777772749018312,0.11394273513158414
0.8803021082110548,-0.05812787035787159
0.8122478119378491,0.09841003541439232
0.37563767595221975,-0.3290470648870966
0.485962045490821,-0.28907686513944547
0.35478671679003526,-0.4278828153689504
0.18710860409619123,-0.5431634237952042
0.3627681998379425,-0.3394403165161015
0.754039934000083,-0.12111352776689044
0.6217491364143514,0.19958701791163333
0.9000959466449789,0.05126209912999038
0.860981835056699,-0.060832212153145465
0.5883045532254307,-0.2435475157122734
0.7133995898236235,-0.12693281739691928
0.8907981413833373,-0.05689889653401251
0.5014112462598499,-0.2897174333378364
0.4953573667359431,-0.28731876764235154
0.2840439115061968,-0.4233653996902384
0.6964660723171915,-0.14867532645808065
0.049031287730261566,-0.8452713532854356
0.5591456958098496,-0.2200056306282718
0.9235426617466487,-0.03724120326158759
0.17769788370666373,-0.5600846957385914
0.12344682704007658,-0.6847313708215471
0.21359987644798617,-0.5262683830693666
0.5217435239963542,-0.2529527593064155
0.7133325526448786,-0.16210965296365873
0.1732286927360055,-0.5417577961916313
0.3959440012106915,-0.34608604865083986
0.6167269747994149,-0.19894690980279955
0.5300086499511439,-0.2920985550908928
0.15679733576876162,-0.5833956709983704
0.31902546459378855,-0.4006641774743152
0.35862401553627954,-0.3349763065223959
0.5562768105073781,-0.2336470685811871
0.84149974551611,0.07653208024044521
0.3779548042566383,-0.3330629708083781
0.6865815295185136,-0.17036284466761764
0.5922264078981256,-0.214771121244479
0.49329092781704365,-0.26164656597821645
0.8463495743334692,0.07990007252355258
0.5335533932478949,-0.2272141706380694
0.22490562349665255,-0.5171452329510469
0.416683934930865,-0.4049757506146812
0.9058298366370551,0.04592102530303103
0.08179210753347549,-0.6742796080895229
0.0510659674028708,-0.892580858245936
0.17405816996504697,-0.5382247892347277
0.8149043015517003,0.09085013761959954
0.3863644958124056,-0.4436499813210765
0.32337247012441295,-0.41982706709141226
0.434231701844806,-0.2997973999598999
0.06387118050185188,-0.7607946375281197
0.3516859421655164,-0.37781901268205975
0.07233336352610925,-0.8387863670596306
0.28312427907836557,-0.4745376354419982
0.8229491479045281,-0.07370415402403839
0.9425884104469643,0.02901075022297006
0.1504798625769643,-0.6257168667509617
0.44056963186943043,-0.3668941230068266
0.4207620638429227,-0.3185158283989658
0.6013388616625465,-0.2130581907188264
0.36342032468426566,-0.44011235631030654
0.9347320083735603,-0.03180396928336269
0.9067580617933004,-0.041164181250768005
0.8883888124570032,-0.055909369857306254
0.7792112629305603,-0.13457363708146458
0.846866584059662,-0.0918668331437182
0.20885988355140128,-0.5132673969010131
0.5625534339450298,-0.21752442123847426
0.5871444737829942,-0.2311238297907382
0.7232695288334354,-0.1316963761850853
0.3954973309127323,-0.340937487278251
0.533503625973923,-0.25806833683435965
0.37453177149681216,-0.3900101244635616
0.28298772081185264,-0.4215636921718795
0.5038879170860184,-0.267802845713246
0.6125430147872986,-0.23556903444931887
0.2298470497650088,-0.5746493138185442
0.37771666287572936,-0.33906655933920904
0.2519204372280487,-0.45889914370576323
0.15602923052389875,-0.6445827077659929
0.7810203966126199,-0.1112487373664986
0.9919901378926548,0.004054900658405743
0.12731717818298632,-0.6030206136487126
0.4805236326774902,-0.2485829013512686
0.1789046088229722,-0.5465221065252198
0.2747359604624443,-0.4374273080795014
0.6206868567830763,-0.18959487845605866
0.19301368623579462,-0.5158157107743357
0.3303630508662805,-0.3678679433263953
0.14741036393417817,-0.6283569970824521
0.26482838197300385,-0.4375737383856187
0.7127115186576842,0.12818953360259897
0.7408127909262631,-0.14153807474237334
0.7250699242418683,-0.13865172686141117
0.11667122459403917,-0.6745814651255039
0.6205693625747002,-0.20570744751782663
0.8522154022550387,-0.0744532714405783
0.6895180828880638,-0.15167540671708304
0.18551492051489227,-0.5202775141274969
0.576092342992293,-0.22917336168303476
0.24105423363173362,-0.484117943106872
0.5414972506947644,-0.24292118488471331
0.3702325878662376,-0.34977632280604976
0.8094901485186465,0.09482349479492218
0.40533676238084226,-0.3718885458375048
0.6134301545720354,0.2201958830511249
0.7068652127609559,0.14260187727229356
0.033724088890630374,-0.811245284001653
0.023623009905600657,-1.017210125104135
0.17506189069567524,-0.5335785048098836
0.05398738148039895,-0.8763330109339276
0.4215530115883376,-0.345159765910599
0.819604862850204,-0.09670293188896634
0.18505558355189888,-0.5424794928149457
0.6949567339494391,-0.16808307960414764
0.5183421073520611,-0.24490715152210904
0.7638001735216224,0.11853085449786029
0.8454009334886863,-0.07285004102079091
0.9519355189689509,0.02169225619747576
0.08561596968721703,-0.6835119022626218
0.574927948796885,-0.22500398137303074
0.7176959305843922,-0.15449814728540354
0.72803206974276,-0.13280827070533702
0.3609920048687847,-0.39147076032569794
0.5626014467040664,-0.2375377601796536
0.6638278817582266,-0.18554772611169396
0.695575631806997,-0.1488221674608743
0.5571063435195762,-0.2765225339084004
0.20121822960139557,-0.5783370544702462
0.10273723006317664,-0.6239478130820999
0.723737651250933,-0.17413424253620585
0.642846021902977,0.19651616089099733
0.3800398201317984,-0.39296146447085
0.5536246536555782,-0.24528170208320763
0.6005868561237979,-0.20003484878243533
0.5425421565765042,-0.23438380411265336
0.32836633338481536,-0.4021407859140183
0.3037337413889297,-0.4347151247008145
0.8098894801801723,-0.1129090241126362
0.18983967598236218,-0.4907724925571003
0.4685290561695383,-0.35618271355968906
0.4049888982210743,-0.2822059338428801
0.3944010435893426,-0.3379958764822321
0.34970824095079533,-0.40453680408826154
0.1729485045159912,-0.549941021681452
0.8888896243686374,-0.05336028261834668
0.44663243758587845,-0.331617616871133
0.36232446600774615,-0.3564570636945003
0.25396784732230726,-0.434489997704949
0.8602089473207719,0.06802125388677177
0.4350362090275437,-0.352768725546023
0.31506982047346177,-0.447278271361113
0.2856016202093171,-0.43151200742993095
0.5636878692380104,-0.22684470419248645
0.7746445955744785,-0.11313786340968365
0.46270442717075755,0.2887281081266767
0.3469841897263919,-0.3610635444385345
0.11070447234857951,-0.6259126933896282
0.9868307995786959,-0.006390440491956687
0.9227374195140822,-0.037819446666438675
0.8304061793578849,-0.08494996395624732
0.5939330647587753,0.2096073274045636
0.8326922333717591,-0.07551149260116911
0.6272840010889981,-0.18565166053188367
0.14455656223137497,-0.5786644907485644
0.29566302165132896,-0.4331586028241324
0.6817733643859877,-0.18439975676846557
0.3787784902430662,-0.36329261196587886
0.31000260550970604,-0.4400324450164548
0.4065097686449166,-0.3315645925441772
0.9315644594503905,-0.033663600655724206
0.8098418154582395,0.09192203894149904
0.4106441865652921,-0.3416476354647884
0.04299894053850719,-0.7930593166387268
0.1552205090785149,-0.5705419206600304
0.27625530352789196,-0.4355005346393544
0.11666056391110988,-0.6347591844349602
0.5717336030850957,0.18492007636324279
0.22604291411275923,-0.5216017361260894
0.7085342723161487,-0.16550502450025548
0.8388007950985392,-0.08286454786356164
0.8202321429362337,-0.0949559202384418
0.5614406716670624,-0.23228361498427516
0.6171381302348568,-0.18879980703898236
0.17602630894333793,-0.557031282658438
0.6265706461789298,-0.16758027410528642
0.5414059094739216,-0.2210931977574254
0.8332943847323329,-0.08187597830455434
0.535560718564013,-0.237054742118209
0.4599754680976508,-0.30246816273644933
0.5786121691630566,-0.21851966876304887
0.734057801265934,-0.13746245306323937
0.6715248298512102,-0.15298884408164953
0.5191423392170504,-0.2933141726815372
0.8116498737294494,-0.09937661686711599
0.2617932797057476,-0.48812226325267255
0.5121758839407857,-0.2422490541088721
0.6793039300481806,-0.1689671667465095
0.9150908424220421,0.038653385861212204
0.8992916735757333,-0.05120584513043699
0.23151923887277115,-0.48268531922875146
0.6496572689725177,-0.1930087775106431
0.5344432440489381,-0.25076931881581743
0.6056771480425927,-0.18811151908582674
0.230841516219482,-0.47329011531310433
0.8188181975703499,-0.10741411255501443
0.875108013737636,-0.06251981206311252
0.7534712448129575,-0.11699250423820957
0.036415774010691945,-0.8475956090643714
0.5694992734267419,-0.24616472324018954
0.2476728720337512,-0.44888688846272373
0.16227353668863076,-0.6761774245167486
0.8535963017155831,-0.07557709114016875
0.3467884110215743,-0.3623974488671796
0.13837596392214138,-0.6864159163579427
0.8646652224756237,0.07116299010056386
0.43526038939234246,-0.30753988527098564
0.8803345695104007,0.05575118756352561
0.5183594363840832,-0.25861764140416715
0.6179763659777291,-0.2213719517893499
0.8164194510299179,0.0932849402109662
0.7131416681525471,-0.1640152461808237
0.37209419550374656,-0.3260883110540643
0.1773549126696744,-0.5957860907803273
0.3079868190701113,-0.3950957167533236
0.16794399123939663,-0.577710183761802
0.7116915857811654,-0.1465486110196752
0.7860882573001275,0.10031792269151858
0.42161379806160415,-0.28343565805285886
0.8124574837324077,-0.10130955505764475
0.40301705702759427,-0.366048250232253
0.4192131997915658,-0.31896708381327643
0.4945126118020853,-0.30039366479348467
0.28756522445307275,-0.42081804368141135
0.5314612761793082,-0.21735745869694267
0.40238904571739265,-0.38557424029669385
0.3987483432061266,-0.33418887491687527
0.5799179401337784,-0.22661681815022963
0.4238584440892146,-0.37018541202108785
0.5725487794033183,-0.22070109656685746
0.1703182821822885,-0.5409465236684834
0.09018273553318619,-0.6969189521099675
0.1446523102590236,-0.5558950216043158
0.4455178017274798,-0.27591362564868466
0.5336838934481294,-0.24808693078721686
0.1767909900364001,-0.6042316139834261
0.07270298871197836,-0.7884521206105437
0.2815711986039199,-0.3889636630364985
0.6607558975350444,-0.1621551856162101
0.08955774986867385,-0.6671192983522507
0.8631758843605425,-0.059546821177642796
0.8864711547832886,-0.05651469063324773
0.8118093786890984,-0.0880537721668306
0.47287763512947345,-0.2632591231438435
0.6142789507121607,-0.21484651561052498
0.596386126752664,-0.2153874691509981
0.8449421064405302,0.07544388156186523
0.08438050657481462,-0.7890707766317795
0.10048423808084316,-0.6090928873620993
0.11542929718910468,-0.6931441621722704
0.08885147169772932,-0.7604903203743532
0.4656440143617727,-0.3159633220926957
0.37323828017345473,-0.3806323804518436
0.08497259231278945,-0.8035428908134935
0.9746984714765654,-0.01157956888870706
0.08035410018835903,-0.7725227192205477
0.8800464217429618,0.05246663981758273
0.48591525950215875,-0.269905173474979
0.9496807829476714,-0.022415514082898415
0.9325478280567491,0.03326898835488663
0.14767120274558435,-0.7092035581109931
0.1049040785314085,-0.7105066003417709
0.8336166572731742,-0.07420999267962843
0.38404977897615855,-0.38622901307603297
0.36427946361168884,-0.3620959968960968
0.8672218055126278,-0.06269240611990447
0.38324315219079663,-0.3791519294411846
0.1479724432610295,-0.5889517964352933
0.2823523282271144,-0.5155348242039703
0.8468025173778434,-0.08082747132877346
0.8373803484308234,0.07445094226049988
0.8303293370068558,-0.06886566328072581
0.9445222828935014,0.02866415810810089
0.6016246570518116,-0.20875324054261032
0.5795410362840667,-0.2761872661125685
0.7457900901857741,-0.1334856223368345
0.4025015133981841,-0.3937408091873224
0.6142322320922273,-0.19413781743345376
0.1988623216540384,-0.49763139040816506
0.9636284067831244,0.019384773036134124
0.061904007428581743,-0.8987987847358115
0.6411182559165983,-0.1925375903689589
0.3191290326529368,-0.4218991433384587
0.3207438464563592,-0.4505689400704488
0.3556029253413536,-0.3704457022936642
0.16617631892628126,-0.5655003280971977
0.5732729868768174,-0.27935411816234956
0.9815808437107884,-0.009302065596037244
0.1977905200552077,-0.5259267172752824
0.2596337638098597,-0.4252416169740852
0.8807079769754864,0.05423277845915424
0.44792660456395594,-0.3662675067583508
0.7056484668455072,-0.15747471158263196
0.33943798760444244,-0.45533989434133093
0.2001092284142879,-0.5221529419357065
0.20342570575957708,-0.4752295227832492
0.1422215748476496,-0.5771435519290826
0.5768921925901784,-0.2427788956292002
0.8936182705896951,-0.05797305681676388
0.3205168874105684,-0.38023781347760494
0.42550783657597435,-0.3355701619138881
0.9909403188402582,-0.00465281698313084
0.8950965241418736,-0.05444125348113432
0.7541295518642714,-0.12006610632349253
0.708606066259803,-0.14748816701390902
0.7734767629886409,0.12278267408807884
0.9061597312942558,-0.04069885028837812
0.13664336821232825,-0.6767391824821744
0.3016160807097519,-0.4278024943668851
0.46294836370991455,-0.2759309630172226
0.30837067850237154,-0.41762320838706846
0.8362716209468553,-0.07247404469745819
0.9925922096245757,-0.003225863430552366
0.6161106315837008,-0.2162626095993095
0.7627573884089442,-0.11042225297332686
0.8956713309081425,-0.05998839384398607
0.9640016101506445,0.017173841037614084
0.8710819689924644,-0.0637094227183606
0.6551891598177946,-0.1811042845781488
0.19185501583872733,-0.5007151424426709
0.32412871166871826,-0.3897738661236373
0.9690548866989377,0.016311518556804978
0.9590772965939486,-0.018382022106182616
0.19138571032592877,-0.5619708752679653
0.7784249098558188,-0.11735130796660842
0.46993048197940923,-0.2836199107916213
0.4360572586937833,-0.31031486716004053
0.4915524532892278,-0.26234025794893384
0.8295157749941959,-0.08278558709047719
0.24549011397435982,-0.48034353301600935
0.6077769451721593,-0.22969157158522718
0.432592982803495,-0.3141317649590815
0.8594059078089837,-0.07541797977923964
0.08500629248374207,-0.7617218613525377
0.3108480561113205,-0.39457268306936
0.4873407195043805,-0.26293607763283317
0.1995878570296411,-0.5051083217423972
0.30546264228192244,-0.4401452401541743
0.907953844997054,0.043850509734458434
0.43557628473024346,-0.3366549336297235
0.6056001325793721,-0.216735112107191
0.35485033571102786,-0.4357638712347302
0.2261387607565788,-0.5851876363194879
0.44957109596720757,-0.2633066035064238
0.2527297268491686,-0.5148233296448468
0.9525722512579521,0.021532792385739713
0.33680763989132834,-0.3565137904265603
0.9237254850277852,-0.0352953479047367
0.7870892350661627,-0.114395977063363
0.03134812877649292,-0.810172536120241
0.4856028780118433,-0.28491633574563974
0.23627318408982378,-0.4381859512102474
0.6126655870742235,-0.18241761049138167
0.08502015783650863,-0.6984851533346234
0.03363676061500942,-0.8595811867985984
0.9670166500901602,-0.01681334542635753
0.05252448399065601,-0.7778923338581555
0.3611279361148194,-0.3952500315032347
0.7133018800258095,-0.16472963533469623
0.27952541395673314,-0.42307254665840865
0.06321256084299146,-0.7466711243226059
0.2644301988656632,-0.43075763737449424
0.6182154322420343,-0.20412218061844215
0.8287141384506873,0.07504366143254029
0.6629231430344894,-0.16116628520877893
0.6932470411729017,0.15302277006574846
0.5683173399496508,0.22918849745439812
0.5658713297147686,-0.1965320197190424
0.21367194700828374,-0.4918577210535272
0.7214939395163025,-0.1234252010998324
0.4046569713467003,-0.3255412470653442
0.1051880412043335,-0.6668653332271918
0.6674713698757943,0.1535939377403709
0.5002294239674485,-0.2383360962084857
0.14418419522747825,-0.5175715018363869
0.7989401548573618,-0.10442511845723679
0.49109872451875003,-0.26896119358425197
0.3812459985123642,-0.3647264304678394
0.7589173113168658,-0.11731677899069172
0.13481116018687903,0.5300469813641486
0.6369836798042365,-0.18079905349126402
0.3683219139632845,-0.3505715739085931
0.8551828484359534,-0.08845632347121034
0.28331735807068226,-0.4504440428230281
0.7503879041904609,-0.11706795614873608
0.3843856072335521,-0.3544208568512185
0.9746459985306977,0.012314247269592592
0.23762646694752654,-0.47799771578380723
0.6594204802776331,-0.19491564155778324
0.6693908961109759,-0.16333864695907116
0.4102126533759206,-0.35793146175030865
0.39099902647604645,-0.33172823680947955
0.14109371377337668,-0.6460510559738425
0.6489168846949238,0.1724401309990688
0.993201141742408,0.002869901455788411
0.20806146262685865,-0.4958728954423431
0.44871442667704997,-0.2973003737011107
0.5403729446506296,-0.23251319031242504
0.3811237869835301,-0.40837126194878753
0.8542646700915263,0.06573465558858321
0.41463912736206543,-0.32533280959521227
0.6665130168112472,-0.1850510457272348
0.5454165701642868,-0.2585408496159785
0.37828696292000064,-0.3750336251153906
0.9821988366111298,-0.010075987904015917
0.8414506884959154,-0.07265949902648611
0.22659559578365773,-0.5108437962155213
0.8936077383879628,-0.04894648681465776
0.4792035593056848,-0.34385582149229776
0.11897878260316128,-0.7774239142091071
0.4015311243416133,-0.3209592256431672
0.12469278173250778,-0.7264261643793968
0.5470414643227237,-0.24183471628894485
0.26308367425856993,0.4140703641991386
0.642711797353031,0.16709970666897322
0.5778090388425345,-0.24378136766854222
0.9852046446980962,-0.00634089066353022
0.5144589190555737,-0.263566428775449
0.13454727593091886,-0.5884770019218987
0.3948729065445783,-0.33965754035211104
0.36778913091549914,-0.3668590772618846
0.5843410103236659,-0.21665257285574596
0.4312246021344588,-0.31890151787756577
0.8278926858896012,-0.09370337776479379
0.4088042208263257,-0.32546623464625585
0.3105286429869619,-0.4820454398787824
0.6457393349665685,-0.1834212122511959
0.38191018051009706,-0.31352200380328565
0.22057262641432906,-0.46169830195071115
0.6626134476082461,-0.18609737104457091
0.5721532308300609,-0.2102306372564121
0.052175587792100936,-0.766015509808584
0.5038168638909388,-0.24558508546055843
0.1575992670392774,-0.5523354020169987
0.33944378869463954,-0.4094219120157443
0.575072699077307,-0.21184376389788903
0.6854277387258867,-0.17230891310886765
0.8167803874624429,-0.08441398708360064
0.09727278826357912,-0.6359092844945292
0.4239625340917934,-0.3884617574175229
0.09140784299103144,-0.7565884999440765
0.2751029088964606,-0.520124632324485
0.48601419272557367,-0.2667297848691228
0.46485309982119294,-0.308677418207773
0.9455092418562309,0.02843704534476745
0.1968797880954305,-0.5031116905716464
0.0880181999201906,-0.728315106470393
0.919188936274495,-0.04167532230425946
0.06387229744727893,-0.7096902194942841
0.7025444403863788,-0.15425159777145897
0.5006510895593745,-0.24162677167806015
0.5058502435022274,-0.26844154504695744
0.3662908932581386,-0.3807956832505467
0.1331947301990457,-0.6056352479417343
0.8126979999816203,-0.0934246534403803
0.09449303297761699,-0.6597530129035007
0.7838414783318022,-0.12721588745466214
0.35137853812563546,-0.39230866912331946
0.5789403761233342,-0.2088556650885716
0.660689115829755,-0.1714449831357698
0.9314153254999246,0.03536055741461259
0.6383798514271282,-0.19874386231529736
0.5818526097012862,-0.20869300910485622
0.6305084404704562,-0.18330115529683425
0.8526135501261823,0.07357310388885925
0.19324330019144542,-0.5026280423457892
0.5922372703796281,-0.2005382184801118
0.7823558669462195,-0.1145799492570849
0.5457465654407085,-0.2784577489258808
0.36623209761597686,-0.34695151676595093
0.41090769718143705,-0.3678932007636113
0.9530241738184856,0.023196811893991236
0.5134971351153974,-0.2826910576378414
0.8200844518798244,0.07968680178984315
0.28139027051677723,-0.4198661339687606
0.6105585083429126,-0.20799135608883776
0.7914098175860061,-0.10753127355906895
0.4322402522459421,-0.33296211809963566
0.4643872743339177,0.29078910996393076
0.25532155327467987,-0.45464753565478067
0.3405371877615817,-0.37821553484222536
0.5168733340684999,-0.23504501286791166
0.20906431434500072,-0.5285946546619907
0.19534607421471117,-0.6338512917782844
0.5997760835408352,-0.20321111148484966
0.47298419802567593,-0.2836411586196439
0.4795391186169894,-0.29989513529517836
0.4889874444816191,-0.3098393466319178
0.09853775069765658,-0.7324775057685394
0.11234420573724585,-0.6149887108239324
0.23788225006677288,-0.5797539317710274
0.6332744694820008,-0.19326274109433805
0.7328465617124785,-0.1658198014388372
0.5677521190044297,-0.23066319521544593
0.694600766273188,-0.15908933674891973
0.6962297601401213,-0.14423976270971964
0.7267486954068395,-0.1494560277497469
0.9228778382107125,0.037533019925686875
0.2965643404456668,-0.41204666019230174
0.32400948383533235,-0.4074187247232196
0.9181184096594188,-0.03842948078643288
0.2691318606142403,-0.42277932591153117
0.6185864395966014,-0.20536693834519718
0.9480743020996872,0.02341899615945125
0.7379375596449387,-0.14268735383622258
0.4704606674227316,-0.30516384408824043
0.6797148007295327,-0.16156435440552025
0.16478142405448648,-0.5688129524868356
0.2216702783539194,-0.5011632849289163
0.7079874438024218,-0.14685535885729895
0.12045633238671759,-0.6095247626302313
0.3803008576554411,-0.34429850964500214
0.052677111587154116,-0.8461970561942017
0.2544593251857826,-0.438774808788801
0.37287543229662756,-0.34879830818417584
0.5630728655002566,-0.2249594489273009
0.423117525429221,-0.33386083927962723
0.44817234133859474,-0.2956719279802444
0.38946039845849245,-0.34997625917998776
0.22597581170541403,-0.4851656736403904
0.6449858585014592,-0.18380208329204548
0.614272590863776,-0.1917776904249985
0.4206341821344832,0.300590665407348
0.7380414814943408,-0.12521823722379635
0.24794363999350144,-0.4462864517761461
0.2504990060827371,-0.5194744061136369
0.2626794675795904,-0.4591202120319832
0.6636068431810923,-0.15951727313879868
0.06983788794741395,-0.7989341024260082
0.47151712584721095,-0.3091819889520763
0.22678043338851284,-0.45406075718318206
0.22843075646220778,0.4047539059728583
0.35619934817091015,-0.34911462353759726
0.34926422063962115,-0.4110603659657057
0.23133692040065224,-0.5779687169368131
0.7513550492224108,0.10421354453881315
0.2881620291184883,-0.40462044030722144
0.6712284064532614,0.1508235187420781
0.5983285836546357,-0.22311697977833977
0.7611285011227877,0.10481257745932417
0.7977497908377984,-0.10782107276008585
0.44417735922053914,-0.32243431862393424
0.6067368620423343,-0.20864815271088202
0.075162023231628,-0.760737068425739
0.5712938626398152,-0.22147457456657918
0.2347493076215459,-0.46049415044833863
0.6872223105204468,-0.17244366378700707
0.24852312130716137,-0.47809355563654365
0.4488016747590047,-0.2830986779953666
0.31262129866603283,-0.4238232651890862
0.11985582827103862,-0.7207925196226159
0.8152690940220322,0.08746555323581372
0.6668174073523793,-0.17646040072658434
0.5438997164664405,-0.2715549278044454
0.7794051193587999,-0.11250097890981654
0.7079025913318819,-0.16004246943957842
0.7443316419361423,-0.13636732348178407
0.30811927379118387,-0.5031018473459893
0.6372359530712176,-0.20085151192892922
0.3914746923567164,-0.43789838376546864
0.9323299709518549,0.03481175201430846
0.7258966407524019,-0.14151885675832462
0.30293497156703586,-0.3963645234667554
0.16848418681487076,-0.5205221995891699
0.4610492764638049,-0.25501175515623525
0.3811737734952092,-0.3493229264446367
0.21845084500913625,-0.48428655374548796
0.0907057962519717,-0.7396637500116959
0.3337799659693439,-0.3929272406032632
0.6700809434598378,-0.1478204304906037
0.7575390636509274,-0.13086476382014123
0.3501777656752548,-0.4342687264857495
0.605468590522501,0.21201250172813957
0.700785822045622,0.15155159601745496
0.19782804476757787,-0.5065851603565736
0.7368606064700053,-0.151346679915079
0.5668257038559856,-0.2025126146558587
0.3741258535977334,-0.37902557641718254
0.47702421060250044,-0.27340085653994434
0.9063968087317759,-0.05110597908111293
0.5650529962510826,-0.2104385997108968
0.8896349951385514,0.05582257550948062
0.13223328111281057,-0.5772608331256267
0.706422541904766,-0.1504037356473471
0.26851604538327145,-0.3996903394240028
0.09387149424356749,-0.7012294773167079
0.41270492586913843,-0.35674312838501504
0.082990994909958,-0.625822388709896
0.517964872224908,-0.2605315959390445
0.1939876207836192,-0.5396805257213888
0.6599163871618858,-0.16256977526928298
0.9956151956240755,-0.002204233892614318
0.7145711528963928,-0.14240293809364202
0.2693615854409127,-0.46567742122442424
0.32736557834505087,0.35235768089547687
0.20156226200093785,-0.5076093365772028
0.8031569397252198,0.1025811141360991
0.47697125408061003,-0.298090112779594
0.7649404094805201,0.10560943685905516
0.992902016952504,-0.0034499313680326276
0.7216321139858607,-0.137904492451098
0.1914393084945505,-0.5808612150346313
0.2712724849234469,-0.4191361796226148
0.32156526705444166,-0.39146390424046207
0.40028700144621854,-0.31480502921163445
0.5142567629789102,0.25138122726372814
0.25216107859830283,-0.44708311626652647
0.34392683053422013,-0.3426239264659762
0.297436456907029,-0.44612121874296373
0.5729464040835908,-0.24468059485212895
0.3179337658549466,-0.406689222807945
0.7096334994993732,-0.1387162694590909
0.1273389719440139,-0.6418556184047249
0.25953548677768834,-0.4455981184693449
0.9170046877737266,0.042134571276719095
0.5928405051877906,-0.25936154421103386
0.5026862760339674,-0.30789638257836277
0.38373891012934036,0.31187382480080766
0.1114768625503599,-0.646404109480905
0.2522705815300287,-0.5226191705795032
0.724444359134244,-0.14767312107186872
0.3540423079628481,-0.36151022668474986
0.5540835010057374,-0.23670631187754368
0.21463316461062898,-0.6144931049880661
0.45804050656661555,-0.3345780182305167
0.06023896245637359,-0.762503846663029
0.09827115256376139,-0.6742717275135491
0.8962800593941284,-0.05360926453268266
0.6162897468115494,-0.2066872539516913
0.1837095294190606,-0.5922669662591257
0.5930472341892921,-0.19734322558904432
0.39832860160244543,-0.39226938154296975
0.9318590966804083,0.0351288649145252
0.10624932828025216,-0.7730655172042207
0.9267551157327503,0.035391600453688894
0.5089352968811818,-0.2640069020819567
0.07776152336403117,-0.7103384667120808
0.12434796136056932,-0.592943686799904
0.22509306677253738,-0.4813591496739904
0.8240102267647279,0.08682858923723782
0.9948942794539283,-0.002186447072570226
0.535861248757128,-0.2604209185798358
0.08084058049059097,-0.6509761854599011
0.5925091335282119,-0.2382470220716111
0.5033669736818371,-0.2419390050027883
0.7207759756148775,0.13305470904358757
0.10630241137905941,-0.7600473997424033
0.9642180472548826,0.017117854460813046
0.5231612484784298,-0.24169792240460616
0.502759265907785,-0.2873523141557777
0.9023552359143532,-0.04807647536664834
0.5938014818053763,-0.2079219304531208
0.13976978851290456,-0.5912038548343882
0.7960393871996607,0.11244547277057397
0.8140351550992332,-0.08585702022069422
0.19489343701604667,-0.6097491779332814
0.723361809553281,-0.1521957578770442
0.9123258588013337,-0.04312015576229278
0.20333895627378595,-0.6171302196945659
0.368771740992654,-0.3609110119966877
0.2373437845736397,-0.4811454795804162
0.49668241781470424,-0.28088292560312594
0.07551345355934674,-0.7007484847686662
0.09036616228834077,-0.6630468372890068
0.442207676859654,-0.3559052483387904
0.12941246427417274,-0.7313810957482165
0.12992436107712918,-0.7595195141748426
0.1706113528982024,-0.5147910214119137
0.9563693257947439,-0.018827128270547437
0.44940976557664236,-0.3145193767262287
0.6516683403090933,-0.17174544819789833
0.2848462983186766,-0.41964242320041806
0.5084441731176966,-0.2598907996501661
0.6278531057076137,-0.18817796031707942
0.6179933654873057,-0.2390234966305343
0.2037703051406735,-0.5147423043683268
0.6057569233855435,-0.20762045049651928
0.04306092197498494,-0.7711654531665848
0.2930859689122901,-0.510464066403095
0.994833839764993,0.0027763719877490147
0.45655931152292684,-0.28544926495947714
0.8299779085956429,-0.08761359427554868
0.38087213176278767,-0.44378258768521806
0.9614845031168778,-0.01888860646356263
0.35950112258800926,-0.44239487914627074
0.6282685512718263,-0.1846679849808679
0.1511615518362802,-0.5910641448392729
0.6596811468707297,-0.18669041326947824
0.7231001306461342,-0.13689348426232587
0.4301003696453233,-0.3370241928058611
0.31971498121242614,-0.41469051155579906
0.8502241657688597,-0.07997755414053326
0.6750765733604196,-0.15855022249145673
0.27680790038193503,-0.4648760930787144
0.5022236749045985,-0.252205537688867
0.502251866491668,-0.26700410011444053
0.37595184597271947,-0.37014070292885065
0.6384188708518006,-0.18866260389924486
0.5047900269337565,-0.2712782178127314
0.8657362564260283,0.06348572494342689
0.3885422917379262,-0.39054563075375454
0.6667818531876071,-0.17612612678623382
0.9046221606236253,-0.049387206332867924
0.8715481867114659,-0.05754746778451346
0.42327877704213024,-0.29679303198341744
0.4593689398411127,-0.32125780499722606
0.4568716779143671,-0.2448371965024724
0.2920494884510254,-0.4366907223432482
0.15330154626319265,-0.6187492789706878
0.19144158003817757,-0.6209845229148848
0.9451987778191238,0.028793307386102997
0.43992408743567346,0.27579223391651836
0.5641159399927353,-0.2419878212902103
0.5599398804055075,-0.22245638777818283
0.44517303625561333,-0.27480007946658325
0.9341623806308071,0.02933795109303273
0.2757756005256664,-0.4278800314304502
0.048192499772943015,-0.8452497117704412
0.06943352430409064,-0.7383021700011598
0.9563522881563812,0.02152762699564561
0.9694112357150705,-0.013752103401608718
0.7389369370934993,-0.16047934365668323
0.5303738045665541,-0.2503849885795299
0.05821685301798966,-0.8981443192985691
0.8956452946353555,0.04697960136431527
0.12601683720893062,-0.6030889702907382
0.9494004928078607,-0.0233140012203973
0.754734678832282,-0.12475371712906617
0.8299677787970887,-0.09654690769135639
0.953206213427785,-0.020505967337677802
0.873873907610583,0.05810125862238549
0.37099599650523885,-0.338026638290108
0.2777209924722225,-0.4507212325158431
0.8207904440881271,-0.08619163929617843
0.3267181242513686,-0.4793187981135648
0.585243173822982,-0.24446247935223728
0.4165051498837713,-0.3133648169996979
0.5606749842225203,-0.20674639038663306
0.6568515878420684,-0.17962559983811563
0.9807176563298667,0.01001568943212398
0.26606218539252735,-0.4434275290873638
0.5897734282520004,0.20598872953381597
0.7649306950663527,-0.11735691018339629
0.8086298809446896,-0.0999737014369809
0.25004449982772814,-0.5385459330354014
0.6367270304835166,-0.20385855823645757
0.29917267117621904,-0.4624103202760628
0.5448638417836335,-0.22922726912836489
0.3074018214226576,-0.41198712443738855
0.35074764465053887,-0.3640054539622706
0.388142319836723,-0.32934297805993495
0.19232503158941472,-0.5970775538613494
0.7438550272656139,0.12725282463877297
0.35077326538230214,-0.35986208922469
0.4262654004796801,-0.3338118994829631
0.3040887774123434,-0.4874574756731796
0.516597720783646,-0.2619735754460998
0.1813483917152905,-0.5297605818703238
0.1487422411731631,-0.6272295977871037
0.5640469564066828,0.22153278609842242
0.5384069881223426,-0.23511098244467912
0.20529658097943893,-0.4806587451954522
0.26416185572480555,-0.5447581285031361
0.4763846861799126,-0.3135360844733203
0.7743687523716152,-0.09911791270318288
0.602473572256155,-0.21163393284069718
0.17188366307891412,-0.5291262047850226
0.7966753643245509,-0.12272085227876511
0.7151328480710462,-0.1355172533880494
0.7600957073168082,-0.12098839955835804
0.9676351504711779,-0.017880109181537426
0.10101217744283876,-0.6448238130614696
0.1373763346229524,-0.5981989698709187
0.06727210139907666,-0.705625502747229
0.4359387787899036,-0.3252995404310804
0.9789014091338964,0.009616886600352356
0.39509017917698475,-0.31000746907283
0.7009008449874148,-0.16410433714369058
0.5641613824353835,-0.21735789184962123
0.7281393301638555,-0.14742421197687586
0.4542407937923457,-0.31136492967740764
0.9893168033594415,0.005124205688784922
0.4039062806374447,-0.2973988846152115
0.48162017139338187,-0.28313738669776894
0.565388449574215,-0.2412742893503361
0.5442520493006145,0.23253769875694683
0.36577718209139154,-0.38592145062916494
0.5560215514873548,-0.21591884056914964
0.11185459852229418,-0.7295660606501582
0.2822346014579368,-0.40844243957960974
0.8591827740130951,-0.08385752040809809
0.5141933342523755,-0.3121265085733295
0.3718401291078922,-0.3752648734945622
0.6940092307707086,-0.15733720392878883
0.9651435859985728,-0.01731020350007108
0.104370768934452,-0.6736581199309348
0.4407075188398386,-0.31598403370789246
0.6207530179851658,-0.21213567181049234
0.44521793053671777,-0.27518977445096227
0.4685081777395882,-0.3476694861013762
0.7300707392305468,-0.18325501088737803
0.018779109461768397,-1.0526907414253974
0.5566666376266463,-0.25384100990316305
0.3084567124403266,-0.4135055424101855
0.9202579647653522,0.038518492421990534
0.25953761427485567,-0.44819125867283255
0.32764252785570847,-0.4501360485879876
0.8370807266140633,-0.08027861637861251
0.581964036746264,-0.23413803832890379
0.21648540323319487,-0.5568082216797761
0.40764158050489074,-0.34775272093798587
0.2661430599448775,-0.4865632854354766
0.2214639640368946,-0.5149910221216139
0.5010097894676755,-0.2698698090060922
0.1168716348003145,-0.660857980237976
0.2472492704076561,-0.5974755258609291
0.06048957186044627,-0.7435073859578348
0.2949843206173923,-0.5074110837664143
0.9112882419123853,-0.04474850745525135
0.9782551577395187,-0.0101899484623683
0.05654476429128396,-0.7396523740537343
0.379812273983808,-0.3361191342857489
0.22353229490257953,-0.5020572934833756
0.8532654723634947,-0.07074810033299546
0.3710817772750242,-0.3834290735712876
0.8722409085142109,0.06316094825880211
0.31451260820997196,-0.3515886251438115
0.10980670193973527,-0.743435813196315
0.16607496421024626,-0.624676322220051
0.801541837074334,-0.10424440252701338
0.015936339028677807,-0.8928336220211155
0.04425278971574374,-0.7707031588339093
0.37969925548487393,-0.3801226247892772
0.5091652523044532,-0.2550695997982024
0.299563929358416,-0.3946985295115932
0.6715324022267387,-0.20423740395983256
0.906177084566065,0.04726836013091532
0.10873804475833836,-0.637643202336616
0.3260033995846201,-0.43729863788503837
0.21719452638655623,-0.6086409889008927
0.6599906506810722,-0.18609758424949666
0.16048266632848773,-0.6723662162313274
0.08958381369645851,-0.6231334039265777
0.6928134497366933,0.1534719734649225
0.5108964407381704,-0.26925324041602106
0.8087452973372342,-0.08892974701690468
0.74267613635181,-0.1144282520906225
0.18873821487113607,0.48808164593822156
0.3946292504393819,-0.3339016143749549
0.39966284340982705,-0.3362432844867108
0.8423545032430785,-0.07711399319166647
0.6975041525323803,-0.1634350821225088
0.661094095325245,-0.16443001194614348
0.46794124919318003,-0.2933443744653762
0.406448912948838,-0.3259013792651299
0.8036907674993027,-0.09608570786846898
0.18580656223483116,-0.5067621580243147
0.9807889490589063,-0.008186934535619514
0.407448685126247,-0.3576444480380517
0.30819090740242017,-0.39273538102499395
0.4701125648051625,-0.29719283440496636
0.03777653062768923,-0.9129402759084575
0.11936823254231063,-0.6209825244285265
0.10952804396961426,-0.6727749693429736
0.9464619913702766,-0.03007651588041425
0.7879177577149807,-0.10189848796223498
0.33411997797339243,-0.3705873784708496
0.1665644844946892,-0.6365460369248309
0.9764983300975346,0.01025272786109729
0.4397685378264772,0.2964475739022545
0.5802987188424835,-0.23469359590379857
0.5820014377414312,-0.20275437939815777
0.2505941256547596,-0.44041973518771477
0.48079009740482903,0.2709894689197397
0.6019294461234221,-0.20193696637754976
0.2053272048677106,-0.6104441212282529
0.5579769230410052,-0.2447733742187079
0.34344085923559553,-0.3707053557540557
0.47066542177026593,-0.2740446238655445
0.44726524471825413,-0.3531663491444602
0.8579606132007302,0.06763390927365297
0.7100267818628132,0.1434369464571239
0.11221025290885622,-0.7025014195567713
0.19329098491046048,-0.5805099472491007
0.1814861693217199,-0.6327088049694767
0.24210297515066648,-0.4700660292828796
0.5089276567146648,-0.2974094562807894
0.11600903130303952,-0.7083299904972732
0.8183352581110913,-0.08671553531827195
0.45454639646623574,-0.2833831838918983
0.27021310177947755,-0.4244201880385714
0.19212048237298596,-0.5177625075763372
0.11199882577676894,-0.6951189396166595
0.9908913110786801,-0.0045138924430183965
0.39391642416811723,-0.3307232130631219
0.07185565584178785,-0.6978753018326856
0.5289640793348218,-0.29130608209412107
0.8973748521935604,-0.05028734988575743
0.7872240043153266,-0.10248905363452478
0.11384560358048364,-0.6504601178734217
0.6292764335131231,-0.15860284094022684
0.6488177522578891,-0.1683986345476415
0.8545320106253053,-0.08458765568198248
0.33169274665704807,-0.35822899826394067
0.786557720173622,-0.08982933961621957
0.977594161267459,0.010971277080293204
0.38243306531443255,-0.38301128206655344
0.27722950772454646,-0.44020055372944034
0.5787584270055296,-0.2180727196140341
0.5453243549306865,-0.20646431575240556
0.761336049326227,-0.11972182739746177
0.35325330148411793,-0.34466607202876703
0.06163727750794797,-0.7420586963839914
0.23982022163338057,-0.579165331462666
0.30103563551706825,-0.4527933559131766
0.9876671527581731,0.006050763195344621
0.921517141219969,0.04856488907977797
0.26579862962489764,-0.5125002994055533
0.9637520340020611,-0.017132612727075686
0.4435902705803898,-0.3127227863316844
0.184679096241822,-0.5069866016377768
0.9340549322775553,-0.03318497075394867
0.49094598836103476,-0.2741665290127116
0.07724992050875851,-0.7545865469495046
0.10112755821301257,-0.6629981868901735
0.5750226717556617,-0.27817129740642443
0.27769984589261865,-0.45489062850120376
0.7057703426071773,-0.16006054732488478
0.7539815395673165,-0.11419428948694378
0.7413204328168368,-0.1256184203436296
0.48968220090716863,-0.28095236656234984
0.6644888807991993,-0.16919668842434882
0.8466849923128993,-0.08213067920330948
0.46786805942865684,-0.3179232791181406
0.5933724099383536,-0.19436188751042247
0.4129475224685387,-0.31463280892709944
0.6394747341055482,-0.20329195381183085
0.42189625141596565,-0.3554067410621351
0.9873730502969394,0.0064144873852968335
0.8307660079056661,0.07945145332054591
0.6176173353733949,-0.19967668170371294
0.4469472093642971,-0.29972967499287473
0.4706362626194426,-0.3412873798559203
0.3905147214516652,-0.3085709591927033
0.04537599137809115,-0.7435894925567148
0.053009307698040645,-0.8169606405325214
